Year,Population age 65 and above(% of total population),GNI per capita(current US$),GDP (current US$),Birth Rate
2019,28.0020492778115,41690,5081769542379.77,7.397
2010,22.4980711221305,43440,5700098114744.41,8.565
2001,17.5072522295706,36770,4303544259842.72,9.106
1992,12.7779408522358,30590,3908809463463.86,10.085
1983,9.61265983831153,10270,1243323592058.83,12.836